ID,Title,Location,Summary
1015284880e2ff62,라인프렌즈 2022년 각 부문 수시,서울 용산구,통신·모바일·게임>웹프로그래머> Python|인터넷·IT·통신·모바일·게임... 자바스크립트|인터넷·IT·통신·모바일·게임>빅데이터·AI(인공지능)> Python|마케팅·광고·홍보·조사>마케팅>마케팅기획|마케팅·광고·홍보·조사>마케...
44e9ac7f0f94e784,한국필립모리스 2022년 상반기 수시,서울 영등포구,통신·모바일·게임>웹프로그래머> Python|인터넷·IT·통신·모바일·게임... 용프로그래머>자바스크립트|인터넷·IT·통신·모바일·게임>응용프로그래머> Python|인터넷·IT·통신·모바일·게임>시스템프로그래머>펌웨어·어셈블러|인터...
7202a4c549df9ccf,보안 검수/분석 담당자 모집,서울 구로구,"3년 이상의 모의해킹 경험(웹, 모바일 애플리케이션 등) - 한 가지 이상의 언어의 개발능력 보유 ( Python, Go 등 ) - ARM, X86 아키텍처 환경의 리버스 엔지니어링 경험 우대조건 - 게임 모의해킹 또는..."
1591e686cb939d3a,각 부문 신입/경력 직원,서울 마포구,통신·모바일·게임>웹프로그래머> Python|인터넷·IT·통신·모바일·게임... 인공지능)> Python|인터넷·IT·통신·모바일·게임>응용프로그래머>인공지능(AI)|인터넷·IT·통신·모바일·게임>응용프로그래머> Python|인터넷...
79bc4c744fd362a4,Software Engineer (Connected Cabin),서울,"C, C++, Java, Python, and so on) Strong... Object Oriented Languages: C++, Java, Python, etc. Knowledge of Continuous..."
b515669e8032265b,[kt ds] 2022년 각 부문별 경력사원 수시,서울 서초구,JAVA|인터넷·IT·통신·모바일·게임>응용프로그래머>C·C++|인터넷·IT·통신·모바일·게임>응용프로그래머> Python|인터넷·IT·통신·모바일·게임>응용프로그래머>자바스크립트|인터넷·IT·통신·모바일·게임>응용프로그래머...
2a5b207c17d06e56,클라우드 부문 인재,서울 중구,Linux|인터넷·IT·통신·모바일·게임>응용프로그래머>JAVA|인터넷·IT·통신·모바일·게임>응용프로그래머> Python|인터넷·IT·통신·모바일·게임>응용프로그래머>C#|인터넷·IT·통신·모바일·게임>응용프로그래머>ASP...
67c19d7ac0857ecd,빅데이터 분야,서울,"데이터 분석 모형 개발 ① R, Python, SQL 등 데이터 분석 도구... 분석 관련 자격 보유(빅데이터분석기사, ADsP, ADP 등) - R/ Python/SQL 등을 사용하여 데이터를 핸들링하고 대규모 데이터 셋에서 분석..."
b3c3e8cf34bf9eca,Machine Learning Researcher (Computer Vision),서울,"more than one software language (ex: C, C++, C#, Java, Python, Javascript, Matlab, and so on.) Applicants must have..."
0b6a9a5d9d6b7a35,Data Engineer & Scientist,서울 영등포구,"Athena, Google Firebase/BigQuery 등) - Unix/Linux 환경 경험 - 3년 이상 Python/R/SQL/NoSQL Scripting Language 사용 및 협업 경험 우대사항 - 엔터프라이즈..."
d0012f15e0937a57,[아도바주식회사] 데이터 분석가 (신입/경력),서울 서초구,"핸들링 능력 보유자ㆍ 머신러닝 등 최신 알고리즘을 활용한 실제 비즈니스 문제 해결 경험 보유자ㆍ SQL, Python, R 등 통계/분석 프로그램 능숙자[우대사항] 인터넷·IT·통신·모바일·게임>빅데이터·AI(인공지능)>빅데..."
ebc91f139cafa428,HR 데이터레이크 운영자,서울 중구,대시보드 구축 경험필요역량- ELK에 대한 이해를 바탕으로 데이터 간 관계를 이해 및 실행가능- Java/ Python/SQL 기반 Server to Server Programing 개발/운영- JIRA/CONFLUENCE...
22d9b3d37dbf750d,클라우드 엔지니어,성남 분당구,래머>JAVA|인터넷·IT·통신·모바일·게임>응용프로그래머>C#|인터넷·IT·통신·모바일·게임>응용프로그래머> Python|인터넷·IT·통신·모바일·게임>ERP·시스템분석·설계>AWS|인터넷·IT·통신·모바일·게임>ERP·시스...
aac8e9355cb855ac,[인재풀] 아티스트 ART,서울,3D Max등의 아트웍 툴 사용 경험 Max script 또는 Mel Script의 사용 경험 C# 또는 Python 언어에 대한 이해 및 활용 능력 아트웍 관련 툴 제작 또는 플러그인 제작 경험 Electronic...
6909ce8f3ceb4814,2022년 스마트팩토리(인공지능) 전문인력양성 교육생,서울,통신·모바일·게임>빅데이터·AI(인공지능)>데이터분석|인터넷·IT·통신·모바일·게임>빅데이터·AI(인공지능)> Python|인터넷·IT·통신·모바일·게임>빅데이터·AI(인공지능)>머신러닝|인터넷·IT·통신·모바일·게임>빅데이터...
287a2f9783758916,한국행동과학연구소 각 부문 수시,서울 강남구,"CSS3, 모바일 프로젝트 및 반응형 웹구축 경험, 교육이수자 백엔드개발자 - 개발 및 유지보수 - java, python, php, nodejs 사용자- oracle, mysql 등 유경험자 근무조건 경영·인사·총무·사무..."
61dcca5896040150,[NAVER Z] 데이터 엔지니어,성남 분당구,"서비스 API 개발 및 운영자격요건 및 필요역량- 관련 분야 개발 경력 3년 이상- Scala/Java/ Python, Spark, Kafka(Stream) 기반 빅 데이터 처리 경험이 있으신 분- 빅데이터 엔지니어링 도구에..."
a12731dc5b2871ba,[뉴플랫폼기술] 클라우드 엔지니어,성남 분당구,Code를 이해하고 구현할 수 있는 분 ( 인터넷·IT·통신·모바일·게임>응용프로그래머>클라우드|인터넷·IT·통신·모바일·게임>응용프로그래머> Python|인터넷·IT·통신·모바일·게임>ERP·시스템분석·설계>AWS
d364360d1e0368e3,Python 기반 빅데이터 처리 개발자,서울 서초구,인터넷·IT·통신·모바일·게임>응용프로그래머> Python|인터넷·IT·통신·모바일·게임>빅데이터·AI(인공지능)> Python|인터넷·IT·통신·모바일·게임>빅데이터·AI(인공지능)>빅데이터|인터넷·IT·통신·모바일·게임...
c47568a5a71d438e,2022년 ICT이노베이션스퀘어 인공지능(AI)/블록체인 3기 교육생,서울,통신·모바일·게임>빅데이터·AI(인공지능)>데이터분석|인터넷·IT·통신·모바일·게임>빅데이터·AI(인공지능)> Python|인터넷·IT·통신·모바일·게임>빅데이터·AI(인공지능)>머신러닝|인터넷·IT·통신·모바일·게임>빅데이터...
1a66a679bcbc9f5b,2022년 파이썬활용 빅데이터 분석 전문가 국비무료 양성과정,서울 금천구,데이터분석|인터넷·IT·통신·모바일·게임>빅데이터·AI(인공지능)> Python|인터넷·IT·통신·모바일·게임>빅데이터·AI(인공지능)>데이터마이닝... 템분석·설계>컨설팅|인터넷·IT·통신·모바일·게임>웹프로그래머> Python
74dd680945a195f3,AI Frameworks Engineer Intern,서울,knowledge of deep learning technologies. Programming with Python or Shell script. Education Students who are currently...
22ffe020e40de675,[포티투마루] 인공지능(AI) 개발자 전 부문,서울 서초구,인터넷·IT·통신·모바일·게임>빅데이터·AI(인공지능)> Python|인터넷·IT·통신·모바일·게임>빅데이터·AI(인공지능)>머신러닝|인터넷·IT·통신·모바일·게임>빅데이터·AI(인공지능)>딥러닝|인터넷·IT·통신·모바일·게임...
866931bc7d56ecec,플랫폼 콘텐츠 품질 관리자,서울 서초구,"미지 파일 이름 일괄 변환, 조건부 추출)- Chatbot 처리 결과 데이터 가공 자동화 [자격 요건]- Python, Java 등 프로그래밍을 할 수 있는 분- 데이터 추출, 변환, 분석, 학습 등의 과정을 통해 업무 효율..."
7a3bd948cb37d9bf,"[리얼클래스]백엔드 개발자 (Backend Developer, Python)",서울 강남구,통신·모바일·게임>웹프로그래머>백엔드|인터넷·IT·통신·모바일·게임>응용프로그래머> Python|인터넷·IT·통신·모바일·게임>빅데이터·AI(인공지능)> Python|인터넷·IT·통신·모바일·게임>데이터베이스·DBA>NoSQL
9e154b5b00d09b31,Software Engineer - Python and K8s,서울,"we are building a new community around Python opscode for open source applications... who enjoy Python, have a passion..."
c36d1ebeab7c7987,22년 하반기 임용 공개,대전 유성구,게임>응용프로그래머>C#|인터넷·IT·통신·모바일·게임>응용프로그래머> Python|인터넷·IT·통신·모바일·게임>응용프로그래머>로봇소프트웨어개발자... 기획·전략>전략기획|인터넷·IT·통신·모바일·게임>웹프로그래머> Python
f77f9abb42c655b7,[네이버계열사][NIT Service] 네이버 파이낸셜 플랫폼 운영,성남 분당구,"및 어플리케이션 배포 전략 지식 보유 - Shell script, python 및 web framework 등 기타 프로그래밍 언어 활용 가능... 보유 - Shell script, python 및 web framework..."
7d25ed345d03c120,빅데이터 플랫폼(인프라) 운영 담당자 영입,성남 분당구,"SSO/LDAP/Sentry/Ranger 등 인증/권한 관리 기술 이해가 가능하신 분• Jupyter/ Python/R 등 활용 위한 데이터 분석 환경 구축을 경험해보신 분• 실시간 데이터 처리 시스템 구축, 운영 경험을 보유..."
98bd24a70c9ebc20,Developer Associate,서울,"Experience in multi-thread programming Experience in SQL, Python, Git Experienced... development on Linux environment..."
79fc62d1be1499bd,IT부문 우수인재 (병역특례 포함),서울 마포구,통신·모바일·게임>웹프로그래머> Python|인터넷·IT·통신·모바일·게임... 응용프로그래머>iOS|인터넷·IT·통신·모바일·게임>응용프로그래머> Python|인터넷·IT·통신·모바일·게임>데이터베이스·DBA>MySQL|인터넷...
b9662c8f23d56bb6,Backend Developer (Python/Senior/6년이상),서울 서초구,"니다.요기요는 국내 최대의 Python 개발 조직으로, 나아가 최고의 개발 조직이 되기 위해 노력합니다. Python 으로 server systems... 다져온 우리의 Python 개발 경험은 새로이 Python 세계에 들어오고..."
d25bbfa5dedf5899,여행사업본부 6월 정기 수시,서울 중구,전략>사업제휴|인터넷·IT·통신·모바일·게임>웹프로그래머>웹개발|인터넷·IT·통신·모바일·게임>웹프로그래머> Python|인터넷·IT·통신·모바일·게임>웹프로그래머>HTML·DHTML·mHTML|인터넷·IT·통신·모바일·게임...
62466c35af64fc31,2022년 해외 학/석/박사 과정 하계 인턴십,서울특별시,"our stack: Java, Python, SQL, Javascript... 시각적으로 파악하기 위한 Visualization 개발 - SQL, Python, Java 등의 프로그래밍 개발 - 애자일 또는 데브옵스 방법론 기반..."
78e99625e5de3c95,전문연구요원 (병역특례) 수시 (AI / HW 분야),성남 분당구,"모델의 RTL IP 설계 및 IP 검증 가능자 - Language: Python/Perl, C/C++ [우대 조건] - ARM based SoC 설계... Linux, shell, tcl, python, perl 사용 원활..."
8ab99f09dbabedc5,Software Engineer Intern,서울,"nationals with valid residential status in Korea. Fluent in Python, shell scripts and C/C++. Fluent in JavaScript, HTML..."
fc93d092cb227b38,신입/경력사원,서울 마곡역,"Fi/BLE, ZigBee, LoRa 프로토콜 개발 및 디버깅 [경험/역량] - C/C++(필수), Python 경험 - 개발 경험(Field 이슈 해결 경험 보유 시 우대) · WiFi/BLE 등 Connectivity..."
1601f1bfe3302af5,2022년 상반기 백엔드 개발자,성남 분당구,"및 경력자 우대 - IT관련 경진대회 수상자 우대 - JS, PHP, Python 등 Back End 관련 프로젝트 경험자 우대 - SQL관련 자격증... 진대회 수상자- JS, PHP, Python 등 Back End 관련 프로..."
2ad2f02e018a3e22,Data Scientist (산업기능요원/전문연구요원),서울 강남구,통신·모바일·게임>빅데이터·AI(인공지능)>딥러닝|인터넷·IT·통신·모바일·게임>빅데이터·AI(인공지능)> Python|인터넷·IT·통신·모바일·게임>데이터베이스·DBA>데이터사이언스|인터넷·IT·통신·모바일·게임>데이터베이스...
3cd6f0c5f7dc5574,데이터플랫폼/기준정보 부문 경력,서울 강남구,"관리 2. 자격 요건 1) 필수 · Hadoop 데이터 플랫폼 사용 경험 · SQL, Spark(Scala, Python)등 데이터 처리 언어 1종 이상 숙련 · 대규모 트래픽 서비스, 대용량 배치처리 시스템의 Backend..."
016de9bb83a8032d,JR0186078 AI Research Engineer Intern,서울,"architectures, and optimization strategiesProgramming skills with Python/C++Experience working with one or more deep learning..."
4abf59df14cb4390,서버 개발자 Python(Django) Developer (주니어),서울 마포구,요건- Python/Django 실무 1~3년- RDBMS에 대한 기본 지식- REST API에 대한 기본 지식- AWS 등 클라우드 환경에 대한 관심과 경험 인터넷·IT·통신·모바일·게임>웹프로그래머> Python|인터넷...
ad695cb2c767be8b,AI Research Engineer Intern,서울,optimization strategies. Programming skills with Python/C++. Experience working with one or more deep learning frameworks...
a91e307a449bbf1f,"Charging Operations Specialist, APAC Charging (English Speak...",서울 강남구,"Data science experience including coding/scripting skills ( Python/Ruby/JS/Perl... plus. Collaborative, team oriented..."
1ab2e66cbaffde89,디지털미디어/영상관리/영상변환 엔지니어 - 글로벌 OTT서비스 기업,서울 강남구,게임>멀티미디어(동영상·음향)>코덱·인코딩|인터넷·IT·통신·모바일·게임>멀티미디어(동영상·음향)>멀티미디어기획|인터넷·IT·통신·모바일·게임>응용프로그래머>클라우드|인터넷·IT·통신·모바일·게임>응용프로그래머> Python
055c0d822d5306c9,각 부문 필드엔지니어,서울 중구,인터넷·IT·통신·모바일·게임>응용프로그래머> Python|인터넷·IT·통신·모바일·게임>웹프로그래머> Python|인터넷·IT·통신·모바일·게임>빅데이터·AI(인공지능)> Python|인터넷·IT·통신·모바일·게임>ERP·시스템...
0c067de742005bfc,Associate Software Engineer (AvionX),서울,"software coding more than 1+ software languages (e.g. C, C++, Python, model based engineering and so on) Proper English..."
970033f2d54dd370,Datacenter Engineer,서울,"Base Operating System Install • Some experience with Perl, Python, Bash or Java • Core OS Services: ssh, telnet, ftp, nfs..."
4fa967717bdeacf1,[TmaxFinTech/R&D] AI & FinTech 프론트엔드 개발자,성남 분당구,"전산관련 전공 - 반응형 디자인, 웹 접근성, 웹 표준을 고려한 UI 개발 경험이 있는 분 - Node.js, Python, PHP와 같은 다양한 언어 및 프레임워크 경험이 있는 분 - 테스트 및 배포 자동화 경험이 있는 분..."
9c30497c087dbdbb,Data Scientist,서울 마포구,모바일·게임>빅데이터·AI(인공지능)>빅데이터|인터넷·IT·통신·모바일·게임>빅데이터·AI(인공지능)>데이터분석|인터넷·IT·통신·모바일·게임>웹프로그래머> Python|인터넷·IT·통신·모바일·게임>응용프로그래머> Python
d158e683dc0b7500,파이썬 개발자 초중급 이상,서울 서초구,전형 접수방법 채용시 접수방법: 인크루트 채용시스템 접수양식: 인크루트 이력서 기타 유의사항 입사지원서 및 제출서류에 허위사실이 있을 경우 채용이 취소될 수 있습니다. 인터넷·IT·통신·모바일·게임>응용프로그래머> Python
8bc7fa4de46addd9,2022년 한국자동차연구원 자동화제어 전문인력 양성교육 교육생,충청남도,통신·모바일·게임>빅데이터·AI(인공지능)>데이터분석|인터넷·IT·통신·모바일·게임>빅데이터·AI(인공지능)> Python|인터넷·IT·통신·모바일·게임>빅데이터·AI(인공지능)>머신러닝|인터넷·IT·통신·모바일·게임>빅데이터...
79bc4c744fd362a4,Software Engineer (Connected Cabin),서울,"C, C++, Java, Python, and so on) Strong... Object Oriented Languages: C++, Java, Python, etc. Knowledge of Continuous..."
58bd4ff93649a8fe,CTI 분석 경력직,성남 분당구,접수방법... Careers ( 인터넷·IT·통신·모바일·게임>웹프로그래머> Python|인터넷·IT·통신·모바일·게임>빅데이터·AI(인공지능)> Python|인터넷·IT·통신·모바일·게임>네트워크·서버·보안>컴퓨터보안
fc93d092cb227b38,신입/경력사원,서울 마곡역,"Fi/BLE, ZigBee, LoRa 프로토콜 개발 및 디버깅 [경험/역량] - C/C++(필수), Python 경험 - 개발 경험(Field 이슈 해결 경험 보유 시 우대) · WiFi/BLE 등 Connectivity..."
1e7271e69ef269da,"JAVA, Python, R, C, C++ 외 신입/경력 개발자 정규직",서울 강남구,"(주)이지서티 JAVA, Python, C, C++, C#임베디드... 게임>웹프로그래머>JAVA|인터넷·IT·통신·모바일·게임>웹프로그래머> Python|인터넷·IT·통신·모바일·게임>웹프로그래머>백엔드|인터넷·IT·통신..."
09562786e8554cd5,컴퓨터비전 개발자 경력 정규직,서울 성동구,바일·게임>빅데이터·AI(인공지능)>인공지능(AI)|인터넷·IT·통신·모바일·게임>빅데이터·AI(인공지능)> Python|인터넷·IT·통신·모바일·게임>소프트웨어·하드웨어>소프트웨어|인터넷·IT·통신·모바일·게임>응용프로그래머>C·C++
e13c32ba4eff23da,패션고 추천모델링 연구 개발,성남 판교역,"튜닝, AB테스트, 결과 해석 등) - 리눅스 환경에서 머신 러닝 및 데이터 분석 관련 언어, 라이브러리( Python, R, SQL, tensorflow 등) 능숙한 활용 - 통계, 머신 러닝 등 관련 분야(통계학,산업..."
c52766afe00c8d63,[TmaxOS/R&D] OS부문 개발자,성남 분당구,솔루션 개발 [주 사용 언어] - C/C++ - JavaScript/TypeScript - Java - Python 자격요건 (공통) 해외 여행에 결격 사유가 없는 자 - 4년제 대졸(학사) 이상 / 기졸업자 또는 23년...
aac8e9355cb855ac,[인재풀] 아티스트 ART,서울,3D Max등의 아트웍 툴 사용 경험 Max script 또는 Mel Script의 사용 경험 C# 또는 Python 언어에 대한 이해 및 활용 능력 아트웍 관련 툴 제작 또는 플러그인 제작 경험 Electronic...
244017684ac76c13,[통합 커머스 플랫폼] STT 개발,서울 동작구,개발 경험자 • Kafka/Spark 개발 경험자 • Scala / Python 개발 유경험자 커리어라임즈 [통합 커머스 플랫폼] STT 개발 모집부... 게임>빅데이터·AI(인공지능)> Python|인터넷·IT·통신·모바일·게임...
ebc91f139cafa428,HR 데이터레이크 운영자,서울 중구,대시보드 구축 경험필요역량- ELK에 대한 이해를 바탕으로 데이터 간 관계를 이해 및 실행가능- Java/ Python/SQL 기반 Server to Server Programing 개발/운영- JIRA/CONFLUENCE...
5b94564df8d37e65,AI 비정형 모델 개발,서울 영등포구,"분석 혹은 ML 모델링 관련 실무경력 2년 이상(※ 관련전공 : 컴퓨터공학, 수학, 통계, 산업공학 등) ● Python 및 PyTroch, Keras, Tensorflow 등 ML framework 숙련자 ● git 숙련자..."
866931bc7d56ecec,플랫폼 콘텐츠 품질 관리자,서울 서초구,"미지 파일 이름 일괄 변환, 조건부 추출)- Chatbot 처리 결과 데이터 가공 자동화 [자격 요건]- Python, Java 등 프로그래밍을 할 수 있는 분- 데이터 추출, 변환, 분석, 학습 등의 과정을 통해 업무 효율..."
d05ef478cc8a9f08,MongoDB 담당자 영입,성남 분당구,자세히 보기- 카카오페이 크루가 일하는 방법 자세히 보기- 카카오페이 문화에 대해 더 알아보기﻿ 인터넷·IT·통신·모바일·게임>데이터베이스·DBA>Oracle DB|인터넷·IT·통신·모바일·게임>응용프로그래머> Python
df5ab705f3a414ee,"Sr. Application Architect, Professional Services",서울,"C#, Swift, Node.js, Python, Go, or Ruby... JavaScript, C / C ++, C #, Swift, Node.js, Python, Go 또는 Ruby 중 두 개 이상의 언어를 활용한 코딩..."
7053ff070e1ebb55,데이터 분석 신입/경력 정규직,서울,"분 - 통계 전공 및 SQL, Python 경험자 우대 콘센트릭스서비스코리... 바일·게임>데이터베이스·DBA>SQL|인터넷·IT·통신·모바일·게임>웹프로그래머> Python|인터넷·IT·통신·모바일·게임>응용프로그래머> Python"
b22adf00b47eaa32,AI Research Engineer,서울,"PyTorch, Caffe, and MxNet - Strong programming skills with Python and C/C++ - Experiences in programming and testing in Linux..."
03f625f589eadd1e,AI 챗봇 백엔드 JAVA 개발자(5개월/서초구),서울,API|인터넷·IT·통신·모바일·게임>응용프로그래머>자바스크립트|인터넷·IT·통신·모바일·게임>응용프로그래머> Python|인터넷·IT·통신·모바일·게임>응용프로그래머>인공지능(AI)|인터넷·IT·통신·모바일·게임>ERP·시스...
2642a83874ea6bab,"영상처리, 컴퓨터 비전 전문가 (신입/경력)",성남 수정구,"인원 [담당업무] Python, C++, MFC, C를 이용하여 - OpenCV 로 Visual SLAM 개발- MFC, Python을 이용하여 GUI... 통신·모바일·게임>응용프로그래머> Python|인터넷·IT·통신·모바일·게임..."
21a968652918907e,소프트웨어(SW) 개발,서울 영등포구,통신·모바일·게임>빅데이터·AI(인공지능)>비전인식|인터넷·IT·통신·모바일·게임>빅데이터·AI(인공지능)> Python|인터넷·IT·통신·모바일·게임>빅데이터·AI(인공지능)>딥러닝|인터넷·IT·통신·모바일·게임>빅데이터...
8b89b0c903e7be72,리테일영업팀,서울 강남구,유통·물류·운송·운전>유통·상품기획·MD>리테일MD|인터넷·IT·통신·모바일·게임>빅데이터·AI(인공지능)> Python|인터넷·IT·통신·모바일·게임>빅데이터·AI(인공지능)>R|인터넷·IT·통신·모바일·게임>빅데이터·AI...
0cb4a784529cb1b8,Software Engineer,서울,"languages, including... limited to: C++, Java, C, and Python. Excellent verbal and written communication skills. About..."
1d78085e973ecd3c,[TmaxEdu/R&D] 연구 개발자,성남 분당구,"CSS, JavaScript, TypeScript [Server 개발(사용 언어)] - Java, Python, SQL [Framework(사용 언어)] - React.js, Spring [입사 지원 시 참고 사항..."
0920302256231f43,[대명소노그룹] 부문별 신입/경력 인재,서울 송파구,로그래머>백엔드|인터넷·IT·통신·모바일·게임>웹프로그래머>프론트엔드|인터넷·IT·통신·모바일·게임>웹프로그래머> Python|인터넷·IT·통신·모바일·게임>웹프로그래머>ASP.NET|인터넷·IT·통신·모바일·게임>웹프로그래머...
6d389529bece608b,자동차 전장 Security 분야 전문가,서울 강서구,식에 대한 이해 - Linux 사용 경험 보유 (1년 이상) - Shell Scripting 제작 또는 Python Programming 경험 2. 우대사항 - SDL (Security Development Lifecycle...
f54bac6c78fd3240,코딩에 빠진 수퍼 개발자 (펌웨어 개발),성남 수정구,"학력무관직무기술: 펌웨어(Firmware), Embedded System S/W 개발(판교) c/c++, Python 3 명 근무조건 고용형태: 정규직근무부서: 개발팀급여조건: 연봉 협의 후 결정 전형단계 및 제출서류 전형단..."
e742db63ad7e269f,프론트엔드 개발자/디자이너/기획/마케터 정직원,성남 수정구,JAVA|인터넷·IT·통신·모바일·게임>웹프로그래머>백엔드|인터넷·IT·통신·모바일·게임>웹프로그래머> Python|인터넷·IT·통신·모바일·게임>웹프로그래머>HDML|인터넷·IT·통신·모바일·게임>웹프로그래머>APM|인터넷...
6d42c5e45b3339bd,"AI 솔루션, 백엔드 개발자 신입/경력 정규직",서울 서초구,"ㆍ학력사항 : 대학교(4년, 이공계 전공무관) 졸업 이상ㆍ직무기술 : Python 개발에 흥미가 있는 분[우대사항]ㆍSW 개발 실무 경험자ㆍ백엔드... 백엔드|인터넷·IT·통신·모바일·게임>빅데이터·AI(인공지능)> Python"
e2fa538d5fd48fd4,[악성코드/네트워크] 2022년 AI보안 기술개발 인력양성과정 교육생,서울,프로그래머>JAVA|인터넷·IT·통신·모바일·게임>웹프로그래머>EJB|인터넷·IT·통신·모바일·게임>웹프로그래머> Python|인터넷·IT·통신·모바일·게임>웹프로그래머>ASP.NET|인터넷·IT·통신·모바일·게임>웹프로그래머...
a91e307a449bbf1f,"Charging Operations Specialist, APAC Charging (English Speak...",서울 강남구,"Data science experience including coding/scripting skills ( Python/Ruby/JS/Perl... plus. Collaborative, team oriented..."
1399ee2f387a27dd,카카오 전체의 계정 플랫폼을 만들 서버개발자 모집,성남 판교역,"를 사용한 웹어플리케이션 개발 하둡 에코시스템을 활용한 대용량 데이터 처리 Ruby on Rails, Python 을 사용한 개발 Kafka, Redis, Elastic Search 등을 활용한 개발 함께 성장하고 싶다면..."
96ac9cf46a0e5c09,플랫폼사업팀 로봇 응용 S/W 개발자(경력),성남 분당구,"C++, Python, ROS[주요업무] 인터넷·IT·통신·모바일·게임>응용프로그래머>로봇소프트웨어개발자|인터넷·IT·통신·모바일·게임>응용프로그래머>C·C++|인터넷·IT·통신·모바일·게임>응용프로그래머> Python"
586222733a778a35,AI/ML 엔지니어 (경력),서울 강남구,통신·모바일·게임>빅데이터·AI(인공지능)>데이터분석|인터넷·IT·통신·모바일·게임>빅데이터·AI(인공지능)> Python|인터넷·IT·통신·모바일·게임>빅데이터·AI(인공지능)>머신러닝|인터넷·IT·통신·모바일·게임>빅데이터...
8d82ffc3587320ea,ML/DL Data Scientist,서울 영등포구,"Kubernetes 기반 ML 파이프라인 개발/서비스 경험 - AWS, K8S 환경 내 모델링/개발 경험 - Python 프로그래밍 숙련자 (주요 ML/DL 라이브러리, 프레임워크 사용 능력 포함) - 딥러닝 기술 현업 적용..."
4fa967717bdeacf1,[TmaxFinTech/R&D] AI & FinTech 프론트엔드 개발자,성남 분당구,"전산관련 전공 - 반응형 디자인, 웹 접근성, 웹 표준을 고려한 UI 개발 경험이 있는 분 - Node.js, Python, PHP와 같은 다양한 언어 및 프레임워크 경험이 있는 분 - 테스트 및 배포 자동화 경험이 있는 분..."
e764b919165b8d3e,데이터처리 플랫폼 개발자,성남 판교역,"데이터 수집, 처리 및 지표 분석 경험 - 데이터 기반의 문제해결 역량 및 논리적 사고 - Java, Python, Scala 중 최소 1가지 언어를 이용한 데이터 분석 및 소프트웨어 개발 역량 - SQL을 이용한 데이..."
286fb10394b17d67,[데이터실] (경력/신입) 카카오 데이터실 Data Scientist / Data Engineer 모집,성남 판교역,"기술이 비즈니스 가치로 변모할 수 있는 그 가능성에 집중합니다. 지원자격 [공통 필수사항] Go, Python, Scala, Java, C/C++ 중 하나 이상의 언어에 능숙하신 분 SQL 또는 HiveQL에 능숙하신..."
f0c7c08485085240,[마비노기모바일] 연구 개발 프로그래머,서울 강남구,"험을 풍성하게 할 기술 개발 작업에 참여합니다.- 머신러닝, VR 등 신기술을 탐색, 실험합니다.- C#, Python, Javascript 등 다양한 언어와 환경을 사용합니다. 인터넷·IT·통신·모바일·게임>게임(Game..."
87309d3ff40ead61,딥러닝 AI 개발 연구원,성남 수정구,시스템프로그래머>임베디드(Embedded)|인터넷·IT·통신·모바일·게임>응용프로그래머>C·C++|인터넷·IT·통신·모바일·게임>응용프로그래머>Linux|인터넷·IT·통신·모바일·게임>빅데이터·AI(인공지능)> Python
554e814302b8a380,딥러닝 통한 인공지능 솔루션 개발자,서울 송파구,무관 (신입도 지원 가능)ㆍ기계학습과 딥러닝에 대한 전문 지식을 갖추고 관련 프로젝트 경험이 있으신 분ㆍ Python 기반의 머신러닝 프레임워크 사용 경험이 있으신 분ㆍ딥러닝 기반의 인공지능 솔루션 개발 경험이 있으신 분 1...
c35e9b72a11aa338,[신입/경력] 의료영상/음성인식/생체신호 연구원,서울 서초구,게임>빅데이터·AI(인공지능)>인공지능(AI)|인터넷·IT·통신·모바일·게임>빅데이터·AI(인공지능)>딥러닝|인터넷·IT·통신·모바일·게임>응용프로그래머>C·C++|인터넷·IT·통신·모바일·게임>응용프로그래머> Python
7a3bd948cb37d9bf,"[리얼클래스]백엔드 개발자 (Backend Developer, Python)",서울 강남구,통신·모바일·게임>웹프로그래머>백엔드|인터넷·IT·통신·모바일·게임>응용프로그래머> Python|인터넷·IT·통신·모바일·게임>빅데이터·AI(인공지능)> Python|인터넷·IT·통신·모바일·게임>데이터베이스·DBA>NoSQL
bf424cfbae442361,"웹개발, HTML·DHTML·mHTML 외 신입/경력 계약직",세종특별자치시 세종,통신·모바일·게임>웹프로그래머>웹개발|인터넷·IT·통신·모바일·게임>웹프로그래머>HTML·DHTML·mHTML|인터넷·IT·통신·모바일·게임>웹프로그래머>프론트엔드|인터넷·IT·통신·모바일·게임>웹프로그래머> Python
fba0da3b5f92de95,인공지능(AI) 경력 정규직,서울 마포구,Python 언어를 구사하실 수 있으신 분- 4년제 대학 컴퓨터공학 관련 학과 졸업 예정 도는 졸업자- 딥러닝/ 머신러닝에 대한 이해가 있으신 분- 해외 여행에 결격 사유가 없으신 분[자격요건 (경력)] - Python 언어...
44f52ea73a6d25da,기술 문서 작성 전문가,성남 분당구,모바일·게임>빅데이터·AI(인공지능)>인공지능(AI)|인터넷·IT·통신·모바일·게임>빅데이터·AI(인공지능)> Python|인터넷·IT·통신·모바일·게임>빅데이터·AI(인공지능)>머신러닝|인터넷·IT·통신·모바일·게임>빅데이터...
bdcfb8150f3beed4,"[양재역] AI/빅데이터 Data Scientist (석,박사)",서울 서초구,"능력 - 데이터를 읽고 쓰고 살펴보기 위한 프로그래밍 코딩(예. R, Python, MatLab, TensorFlow 등)의 이해와 활용능력 - 데이... 프로그래밍 코딩(예. R, Python, MatLab, TensorFlow..."
5e93a5813609a953,[SNOW] 렌더링 엔진 개발자,성남 분당구,"활용 경험 - Java, Swift(Objective C), Lua, Python 등 다양한 언어 경험 - Computer Graphics 이해 인터... 통신·모바일·게임>응용프로그래머> Python|인터넷·IT·통신·모바일·게임..."
7737347fd9e94c01,웹 크롤러 전문가,서울 중구,"Kubernetes 등 데이터 처리 경험- Elasticsearch, RDBMS(MySQL) 운영 경험- Python, Java, Scala 등 개발 숙련자- Linux 시스템 개발 및 운영 경험- OS/네트워크/자료구조 등..."
71c47ac87bb4087e,기술 인턴 인공지능 응용 연구/개발 인턴,서울 관악구,"6개월) (협의) *모집 절차: 서류 à인터뷰(오프라인) *지원 자격: 프로그래밍 언어 활용 능력: Python, C, C++ 중 1가지 이상 데이터구조, 알고리즘 과목 이수 머신러닝과 딥러닝의 기본 개념 이해 머신러닝..."
9fec0388c43ded76,[디엠씨코넷] 빅데이터 예측분석과 모델링 활용한 서비스 개발자 양성과정 교육생,서울,"예측분석과 모델링을 활용한 서비스 개발자 양성과정○ 활동내용통계,DB, Python을 활용한 빅데이터 분석, 머신러닝,딥러닝,빅데이터 엔지니어링Real... 통신·모바일·게임>응용프로그래머> Python|인터넷·IT·통신·모바일·게임..."
f6e8740c369a1a55,[개발자 ] 빅데이터플랫폼 / Python 개발 경력자,안양 동안구,"터플랫폼 / Python 개발 경력자 모집부문 및 자격요건 담당업무자격요건인원ㆍ백엔드 [자격요건]ㆍ경력 : 경력 3년 이상ㆍ Python, Docker... 래머> Python|인터넷·IT·통신·모바일·게임>응용프로그래머> Python"
b22adf00b47eaa32,AI Research Engineer,서울,"PyTorch, Caffe, and MxNet - Strong programming skills with Python and C/C++ - Experiences in programming and testing in Linux..."
8bc7fa4de46addd9,2022년 한국자동차연구원 자동화제어 전문인력 양성교육 교육생,충청남도,통신·모바일·게임>빅데이터·AI(인공지능)>데이터분석|인터넷·IT·통신·모바일·게임>빅데이터·AI(인공지능)> Python|인터넷·IT·통신·모바일·게임>빅데이터·AI(인공지능)>머신러닝|인터넷·IT·통신·모바일·게임>빅데이터...
0229342521a71f63,(주)리얼데이터 분석컨설팅 인력,서울 성동구,이터·AI(인공지능)>데이터마이닝|인터넷·IT·통신·모바일·게임>빅데이터·AI(인공지능)>빅데이터|인터넷·IT·통신·모바일·게임>빅데이터·AI(인공지능)> Python|인터넷·IT·통신·모바일·게임>빅데이터·AI(인공지능)>R
a8c3f1f09beeeff0,R&D Center AI Deep Learning Researcher AI 딥러닝 연구원 (전문연구요원),서울 성동구,당신의 마음과 같이 넓은 180Cm FURSYS Desk 제공 인터넷·IT·통신·모바일·게임>웹프로그래머> Python|인터넷·IT·통신·모바일·게임>소프트웨어·하드웨어>소프트웨어|인터넷·IT·통신·모바일·게임>빅데이터·AI...
f94fd2fd0e93cb5c,[데이터 프로덕트] 데이터 엔지니어 모집,성남 판교역,"엔지니어링 2년 이상 업무경험 보유자 ⁃ 하둡 에코시스템의 전반적 이해를 바탕으로 ETL 가능하신 분 ⁃ python(필수), java, go, bash 등 언어 중 하나 이상 활용 가능하신 분 ⁃ 새로운 기술에 대한 관심이..."
58bd4ff93649a8fe,CTI 분석 경력직,성남 분당구,접수방법... Careers ( 인터넷·IT·통신·모바일·게임>웹프로그래머> Python|인터넷·IT·통신·모바일·게임>빅데이터·AI(인공지능)> Python|인터넷·IT·통신·모바일·게임>네트워크·서버·보안>컴퓨터보안
4bf0780540ac9623,"(주)hy 2022년 하반기 전환형 인턴 및 경력(IT, 마케팅)",대한민국,"이터 사이언스 자격요건 - 석사졸업 이상(통계학/산업공학/빅데이터분석/응용수학 데이터사이언스 관련) 우대사항 Python기본적인 프로그래밍(Numpy, Pandas), 탐색적 데이터 분석 및 모델링 데이터 추출, 정제, 변수..."
4f42f85043f8aa1e,Data Engineer (Platform) (토스신용데이터),서울 강남구,통신·모바일·게임>빅데이터·AI(인공지능)>빅데이터|인터넷·IT·통신·모바일·게임>빅데이터·AI(인공지능)> Python|인터넷·IT·통신·모바일·게임>ERP·시스템분석·설계>빅데이터|인터넷·IT·통신·모바일·게임>응용프로그래머>JAVA
f94f5671b97fd082,Technical Support Engineer,서울,"C++ or C#” language is must and VB.NET, Java-script, Python is nice to have Personal Qualification... uppermost..."
3baeeb38be431566,"R&D Engineer, Sr Staff",경기도 성남,"EDA Tools development Experience in scripting languages (bash, Python, TCL) Design, implementation and maintenance of new..."
f870e8c6ab4babcf,데이터 엔지니어/클라우드 엔지니어/데이터 플랫폼 개발분야 경력사원,서울특별시,"등) 사용한 대용량 데이터 처리 유경험자 (Customization/Tuning 경험 포함) - Python, Java, JS Framework, Spring Framework 등 프로그래밍 역량 보유 - SQL 능숙하고..."
2b9e604e63e7e46d,[카카오커머스] 기술직군,성남 분당구,"우대사항 - 전자금융 감독규정, PCIDSS에 대한 실무 경험이나 이해도가 높으신 분 - JAVA, Python, shell script 등 개발 역량을 갖추신 분 - 웹/앱 취약점 진단 및 모의해킹 역량을 갖추신..."
97aa1e0f915cddbf,일반직 경력직원 모집[정보보안 전문가],서울 여의도,"분야 학위 전공자 ㆍSIEM 및 보안장비 운영 경험자 ㆍ정보보호 관제분야 실무 경험 ㆍC++, JAVA, Python 등 개발 경력 주1) 0명 채용 예정(인원은 변경 가능) 주2) [필요기술] 中 최소 1개 이상 충족할..."
1a1a4d2c92dcb6e9,AI 솔루션팀-NLP 경력사원 채용,서울,학사 이상 졸업자 자연어 처리 관련 연구/개발자 (2년 이상) 머신러닝/딥러닝 모델 연구개발 경력자 Python 프로그래밍 가능자 자연어처리 관련 서비스 개발 경험자 [우대요건] 자연어 처리 관련 석사 학위 이상...
ee1afa2eee7a3b0f,영상 데이터 검수자,서울 종로구,우대요건ㆍ학력 : 대졸이상ㆍ전공 : 무관ㆍImage Labeling 검수 또는 Crawling 업무 경험ㆍ Python 기반 Image Control 경험 (우대)ㆍOA 활용 능력 보유자 (우대)ㆍ일에 대한 능동적인 태도 및...
55c0b40170b7c71a,"QA 엔지니어, 테스터 엔지니어 계약직, 인턴",서울 중구,"있으신 분• Kurbernetes, Docker와 같은 컨테이너 환경에 익숙하거나 개발 경험이 있으신 분• Python, Javascript 등의 스크립트 언어 사용 경험이 있으신 분 1 명 근무조건 고용형태: 계약직(근무기..."
d8ce1f296d459835,클라우드 기술지원 엔지니어,성남 판교역,"Linux, Windows Server 트러블 슈팅 숙련자 - 2년 이상의 개발 경험자 (PHP, Python 등) - 아래 기술 분야 중 1개 이상의 풍부한 지식 및 운영 경험 보유자... Open Source..."
d53ce378550fadd9,[디엠씨코넷] 메타버스 구축 위한 XR 콘텐츠 프로그래밍 과정 교육생,서울,인터넷·IT·통신·모바일·게임>응용프로그래머>인공지능(AI)|인터넷·IT·통신·모바일·게임>응용프로그래머> Python|인터넷·IT·통신·모바일·게임>응용프로그래머>자바스크립트|인터넷·IT·통신·모바일·게임>응용프로그래머>증강...
d27ec36a0eaf8396,Software developer for Marine System – Machinery & Outfittin...,서울,"Extensive knowledge of 1) C++, scripting languages (TCL, Python, etc.) 2) Applications integration. 3) Hardware and operating..."
e756dbeaaecf958e,기술유닛 프로그래밍 전부문(툴/엔진/렌더링/서버/클라이언트),서울 강남구,"독해 능력 (기술 문서)- 원활한 의사 소통 능력이 있으신 분 이런 경험이 있으면 더 좋아요!- 다양한 언어( python, js, groovy, lua) 경험이 있으신 분- SQL 경험이 있으신 분2. 렌더링 교육·교사·강사..."
33b56ce32901a5bc,현대백화점 H.Point팀 데이터 분석/기획 경력,서울 삼성역,"적용 모델링 - OLAP툴, R, Python, SQL 등 활용 분석 수행 및 리포팅 - 학사 이상 학위 취득자 - OLAP툴 사용 경험(3년 이상) - R, Python, SQL 등 심화 분석툴 경험(2년..."
fba62327a0162ba7,교육/ 플랫폼 개발/운영 경력사원,서울 중구,"웹 어플리케이션 개발, 운영 실무자 (2년 이상)○ JAVA, Python 등 하나 이상의 개발 언어 사용 가능자○ Spring Framework를... 통신·모바일·게임>응용프로그래머> Python|인터넷·IT·통신·모바일·게임..."
71b3096554f36014,2022년 제조 장비 지능화 AI융합 인재양성 과정 교육생,성남 분당구,인터넷·IT·통신·모바일·게임>응용프로그래머>인공지능(AI)|인터넷·IT·통신·모바일·게임>응용프로그래머> Python|인터넷·IT·통신·모바일·게임>응용프로그래머>증강현실(AR)|인터넷·IT·통신·모바일·게임>응용프로그래머...
a5e926e1d22cdc11,각 분야별 인재 Pool 등록,서울,"자 - 데이터 분석 툴(Adobe Analytics 또는 Google Analytics) 유경험자 우대 - Python, R, SQL 역량 보유자 우대 - 데이터에 기반한 문제해결 능력 및 통계학적 지식 보유자 우대 - 담당..."
1bd3260f3414da58,침해분석대응 (CERT) 인력 모집,성남 판교역,"보안솔루션 및 보안장비 구축 및 운영 경험 - 자동화 등 업무 중 필요한 기능을 직접 개발 (Java, Python 등) 경험 - 정보보안 관련 다양한 지식/기술 (서버, 네트워크, DB, 어플리케이션 등) 을 보유 2..."
71ddb237f5156dc7,[NHN DATA] 데이터처리 플랫폼 개발자 경력,성남 분당구,"분석 경험- 데이터 기반의 문제해결 역량 및 논리적 사고- Java, Python, Scala 중 최소 1가지 언어를 이용한 데이터 분석 및 소프트웨... 게임>빅데이터·AI(인공지능)> Python|인터넷·IT·통신·모바일·게임..."
2252bd5d0ed5210a,"Full Stack Software Engineer, TensorFlow Extended (English)",서울,"language, including Java, C/C++, C#, Objective C, Python, JavaScript, or Go. Ability to speak and write in English fluently..."
3617e30a1af44426,[NHN SOFT] Back-End 경력 개발자,성남 분당구,통신·모바일·게임>웹프로그래머> Python|인터넷·IT·통신·모바일·게임... 로그래머>증강현실(AR)|인터넷·IT·통신·모바일·게임>응용프로그래머> Python|인터넷·IT·통신·모바일·게임>응용프로그래머>머신러닝(ML)|인터넷...
0ae9a3da7923877b,(주)데이터누리 PM/PL & 데이터분석가 정규직,서울 강서구,"SQLD(SQL개발자), 데이터아키텍처 전문가﻿﻿﻿﻿[우대사항]- Python, R 등 경험자- 보유자격(우대) : 데이터분석 전문가, 데이터분석... 게임>빅데이터·AI(인공지능)> Python|인터넷·IT·통신·모바일·게임..."
8e5e71bc9f0cc504,Video Design Verification Engineer,서울,"HVLs: System Verilog, OO programming. Verilog , C/C++, Tcl/Perl/ python/shell-scripting · Experience with OVM/UVM methodology..."
ddcc07edd34eecff,(주)스타랩스 WEB 개발자 정규직,서울 강남구,수 있습니다. 인터넷·IT·통신·모바일·게임>웹프로그래머>웹개발|인터넷·IT·통신·모바일·게임>웹프로그래머>JAVA|인터넷·IT·통신·모바일·게임>웹프로그래머> Python|인터넷·IT·통신·모바일·게임>웹프로그래머>백엔드
2d887b3032ebc835,"Associate Software Engineer, gReach Program for Veterans (보훈...",서울,"more programming languages (e.g., Python, C, C++, Java, JavaScript, etc.). Ability... C++, Java, C, Python, etc.). Experience..."
03ca54d9a8bbccda,클라우드 보안 엔지니어,서울 영등포구,"화를 구현합니다. 자격 요건 AWS 환경에서 보안 환경을 구축하고 운영하신 경험이 있으신 분을 찾습니다. Python, Go 등 하나 이상의 프로그래밍 언어에 익숙해야 합니다. 다양한 문제에 대한 체계적인 원인 분석 및 해결..."
229eb9cfd32480ed,A.I.개발자,서울 송파구,"서비스 모델 IOT 플랫폼에 적용✔️ 필요 역량입니다.- 관련 경력 3 ~ 10년 이하 이신 분- python 언어를 통한 분석 가능하신 분- 리눅스 기반 개발 가능하신 분- 다양한 직군과의 커뮤니케이션, 다양한 상황에 대한..."
edffc86ba79fbfb1,여행사업본부 6월 정기,서울특별시,"홈페이지 리뉴얼 개발 지원 [필요역량] 개발언어: java (필수), python (우대) 개발프레임워크: Spring Framework (필수... 요역량] 개발언어: java (필수), python (우대) 개발프레임워크..."
a91bcf14dd7070ae,[양재역] Node서버 개발자 (사원~과장급),서울 서초구,발자간 의사소통이 원활한 분 - python selenium으로 웹 크롤링... 소통하고 책임감 있는 분[우대사항]- 개발자간 의사소통이 원활한 분- python selenium으로 웹 크롤링을 해본 분- socket 통신 경험자...
477d6ad5332ce5a5,Diploma Student / Intern_Software Engineer_Korea,서울,"even under challenging conditions Programming languages: Python, JavaScript Intermediate communication skill in English..."
7ec5ada4ed54ff52,Data Engineer (GCP),서울 강남구,게임>응용프로그래머>클라우드|인터넷·IT·통신·모바일·게임>응용프로그래머>JAVA|인터넷·IT·통신·모바일·게임>빅데이터·AI(인공지능)> Python|인터넷·IT·통신·모바일·게임>빅데이터·AI(인공지능)>데이터시각화디자이너
5b94564df8d37e65,AI 비정형 모델 개발,서울 영등포구,"분석 혹은 ML 모델링 관련 실무경력 2년 이상(※ 관련전공 : 컴퓨터공학, 수학, 통계, 산업공학 등) ● Python 및 PyTroch, Keras, Tensorflow 등 ML framework 숙련자 ● git 숙련자..."
f54bac6c78fd3240,코딩에 빠진 수퍼 개발자 (펌웨어 개발),성남 수정구,"학력무관직무기술: 펌웨어(Firmware), Embedded System S/W 개발(판교) c/c++, Python 3 명 근무조건 고용형태: 정규직근무부서: 개발팀급여조건: 연봉 협의 후 결정 전형단계 및 제출서류 전형단..."
95f2e9c9d00faf2e,[빅데이터플랫폼] 데이터 엔지니어,성남 분당구,"Hadoop, Kafka, Flink 등을 사용한 대용량 데이터 처리에 능숙한 분· Java, Kotlin, Python 중 하나 이상의 언어에 익숙한 분· 총 경력이 3년 이상인 분 인터넷·IT·통신·모바일·게임>ERP..."
50770cc8dd59ce96,백엔드 경력 정규직,서울 성동구,대학교(4년)졸업• 전공계열: 공학계열[다루는 프로그래밍 언어]• Python Django 또는 JAVA Spring[필수조건 (아래 조건 중 최소... 통신·모바일·게임>웹프로그래머> Python|인터넷·IT·통신·모바일·게임...
586222733a778a35,AI/ML 엔지니어 (경력),서울 강남구,통신·모바일·게임>빅데이터·AI(인공지능)>데이터분석|인터넷·IT·통신·모바일·게임>빅데이터·AI(인공지능)> Python|인터넷·IT·통신·모바일·게임>빅데이터·AI(인공지능)>머신러닝|인터넷·IT·통신·모바일·게임>빅데이터...
03f625f589eadd1e,AI 챗봇 백엔드 JAVA 개발자(5개월/서초구),서울,API|인터넷·IT·통신·모바일·게임>응용프로그래머>자바스크립트|인터넷·IT·통신·모바일·게임>응용프로그래머> Python|인터넷·IT·통신·모바일·게임>응용프로그래머>인공지능(AI)|인터넷·IT·통신·모바일·게임>ERP·시스...
51df90967b46e8f0,[외국계 스타트업 미소] Business Analyst,서울,통신·모바일·게임>빅데이터·AI(인공지능)>데이터분석|인터넷·IT·통신·모바일·게임>빅데이터·AI(인공지능)> Python|인터넷·IT·통신·모바일·게임>데이터베이스·DBA>MySQL|인터넷·IT·통신·모바일·게임>데이터베이스...
9f0ce22eee4259bb,"교육 기획/운영, 시스템 기획",서울 성동구,"Science, Data Science, AI, Algorithm, Python 등... 데이터 분석, 인공지능, 프로그래밍 언어) 교육에 관심... AI, Algorithm, Python 등)• IT(데이터 분석, 인공지능..."
87309d3ff40ead61,딥러닝 AI 개발 연구원,성남 수정구,시스템프로그래머>임베디드(Embedded)|인터넷·IT·통신·모바일·게임>응용프로그래머>C·C++|인터넷·IT·통신·모바일·게임>응용프로그래머>Linux|인터넷·IT·통신·모바일·게임>빅데이터·AI(인공지능)> Python
aef1f19c1f82dfc2,"캐릭터 테크니컬 아티스트, 오버워치 2 (Character Technical Artist, Overwatch...",서울,"Experience in Python, or other programming languages 우대사항 Pluses Maya 툴 개발 및 파이프라인 설계에 관한 지식 Python 또는 기타 프로그래밍 언어 사용 경험..."
aef1f19c1f82dfc2,"캐릭터 테크니컬 아티스트, 오버워치 2 (Character Technical Artist, Overwatch...",서울,"Experience in Python, or other programming languages 우대사항 Pluses Maya 툴 개발 및 파이프라인 설계에 관한 지식 Python 또는 기타 프로그래밍 언어 사용 경험..."
ac9068957c550cb3,데이터 전문가(모델러/분석가/엔지니어) 모집,성남 판교역,대용량 데이터를 효율적으로 사용하기 위한 기반 데이터 가공 지원자격 데이터 사이언스를 위한 언어(R/ Python/Scala) 및 도구(scikit-learn/Spark MLlib/Tensorflow/Pytorch 등)를...
ecb3336954ab1c4c,국제경제/원자재시장 애널리스트 안내(병특 포함),서울 마포구,"신소재/재료공학, 화공학 전공자프로그래밍 언어, 통계, 분석 프로그램 활용 가능자데이터 이해/가공 위해 Python 등 다양한 S/W 활용 가능자 0 명 근무조건 고용형태: 정규직(수습기간3개월)근무부서: 물가분석팀, 통계분..."
a6d588f9d7bea248,[데이터엔지니어링팀] Data Engineer (시니어),서울 종로구,통신·모바일·게임>ERP·시스템분석·설계>AWS|인터넷·IT·통신·모바일·게임>데이터베이스·DBA>SQL|인터넷·IT·통신·모바일·게임>데이터베이스·DBA>NoSQL|인터넷·IT·통신·모바일·게임>응용프로그래머> Python
7df915e1f0f86b2d,Software Architecture 설계 엔지니어,성남 분당구,경험 - Windows/Linux 상에서 C++/ Python 언어 사용 개발 경험 - C++ / Python 언어 사용 개발 경험 - 객체지향 설계에... 게임>빅데이터·AI(인공지능)> Python|인터넷·IT·통신·모바일·게임...
bc0b04229959306a,[BLive Div.] Data Analyst (경력 무관),성남 분당구,"추출 업무(SQL, Presto, Python)인게임 데이터를 활용한 데이터 분석 업무 이런 경험을 가진 분과 함께 성장하고 싶습니다! (필수요건) SQL 활용 능력 중급 이상 Python 활용 능력 중급 이상 이런 경험들이..."
19da3484bd7a72f1,Machine Learning R&D 연구원,서울 서초구,"가능) ㆍ최신 딥러닝, 기계학습 이론에 대한 이해 및 구현 역량 ㆍ Python, TnsorFlow, C/C++, TensorRT 등 프로그래밍 실무... 대한 이해 및 구현 역량 ㆍ Python, TnsorFlow, C/C++..."
8b89b0c903e7be72,리테일영업팀,서울 강남구,유통·물류·운송·운전>유통·상품기획·MD>리테일MD|인터넷·IT·통신·모바일·게임>빅데이터·AI(인공지능)> Python|인터넷·IT·통신·모바일·게임>빅데이터·AI(인공지능)>R|인터넷·IT·통신·모바일·게임>빅데이터·AI...
09562786e8554cd5,컴퓨터비전 개발자 경력 정규직,서울 성동구,바일·게임>빅데이터·AI(인공지능)>인공지능(AI)|인터넷·IT·통신·모바일·게임>빅데이터·AI(인공지능)> Python|인터넷·IT·통신·모바일·게임>소프트웨어·하드웨어>소프트웨어|인터넷·IT·통신·모바일·게임>응용프로그래머>C·C++
b2eb1fe78ff9ee5f,[대기업] 데이터분석가 경력 (대리~과장급 2명),서울,"경력5년 이상-통계분석과 Machine Learning알고리즘에 대한 기본지식 보유-SQL, SAS, R, Python 중2개 이상의 분석도구에 대한 기본 이해-현상에 대한 문제인식과 적극적인 문제해결의지-통계적 수치에 대한..."
e742db63ad7e269f,프론트엔드 개발자/디자이너/기획/마케터 정직원,성남 수정구,JAVA|인터넷·IT·통신·모바일·게임>웹프로그래머>백엔드|인터넷·IT·통신·모바일·게임>웹프로그래머> Python|인터넷·IT·통신·모바일·게임>웹프로그래머>HDML|인터넷·IT·통신·모바일·게임>웹프로그래머>APM|인터넷...
1cc7e4f43c00bfdb,Data Analyst (토스페이먼츠),서울 강남구,수 있는 새로운 결제 서비스 경험을 제공하고자 합니다.결제 산업의 미래를 함께할 동료를 기다립니다. 인터넷·IT·통신·모바일·게임>응용프로그래머> Python|인터넷·IT·통신·모바일·게임>웹기획·웹마케팅·PM>웹서비스기획
e2fa538d5fd48fd4,[악성코드/네트워크] 2022년 AI보안 기술개발 인력양성과정 교육생,서울,프로그래머>JAVA|인터넷·IT·통신·모바일·게임>웹프로그래머>EJB|인터넷·IT·통신·모바일·게임>웹프로그래머> Python|인터넷·IT·통신·모바일·게임>웹프로그래머>ASP.NET|인터넷·IT·통신·모바일·게임>웹프로그래머...
34a2d1b21fec22ef,Python / JAVA / C# WPF 솔루션 개발 신입 및 경력사원,서울 금천구,Python 개발 - 솔루션 개발 자격요건- 학력 : 대졸 이상(4년)- 경력 : 신입 및 경력 3년 ~ 5년우대사항- 정보처리기사- 인근거주자- 해당직무 근무경험자 인터넷·IT·통신·모바일·게임>웹프로그래머> Python...
c1b4bcaba77f69ed,"Spec, Software Quality Engrg",서울 강남구,experience with automated testing tools. Intermediate use of Python. Solid knowledge of scripting. Experience working in an...
bf424cfbae442361,"웹개발, HTML·DHTML·mHTML 외 신입/경력 계약직",세종특별자치시 세종,통신·모바일·게임>웹프로그래머>웹개발|인터넷·IT·통신·모바일·게임>웹프로그래머>HTML·DHTML·mHTML|인터넷·IT·통신·모바일·게임>웹프로그래머>프론트엔드|인터넷·IT·통신·모바일·게임>웹프로그래머> Python
ccd4f5407a32ba6a,Data Scientist,서울,"analysis a plus, Programming... scripting exp.: eg. Python, C#, VBA, Java, Perl, etc. Experience in applied analytics..."
91d70a1c047dec60,IT Ops Engineer,서울 강남구,반으로 한 다양한 자동화 프로세스들을 수립 및 개발해요. 인터넷·IT·통신·모바일·게임>응용프로그래머>API|인터넷·IT·통신·모바일·게임>웹프로그래머> Python|인터넷·IT·통신·모바일·게임>전산·IT기술지원>IT기술지원
afcf245c3045a6a4,"[AI Human 솔루션 개발 기업] Python, 머신러닝(ML) 경력 정규직",서울 강남구,"Human 솔루션 개발 기업] Python, 머신러닝(ML) 경력 정규직... 경력(3년 이상 )학력사항: 석사졸업 이상기타: 79년생 미만 우대 Python/C/C++ 및 영상처리, 음성처리, NLP(일부 만족해도 검토 가능..."
df228c302c3c8f9b,서버개발자(벡앤드) 정규직,서울 강남구,시스템 개발 [자격요건]• 경력사항: 경력(3년 이상 7년 이하)• 학력사항: 학력무관• 중상급 이상의 Python 또는 JavaScript 언어 활용 가능자• Django 또는 Node.js rest framework에...
60c8f5cd6cb61e92,BackEnd Engineer,서울,"Javascript, Java, Python 중 적어도 하나 이상의 경험을... 구축을 경험하신 분 * Modern Javascript, Java, Python 중 하나 이상에 탁월한 능력을 지닌 분 * AWS 상에서 제품을 구축..."
147950fbb2b36ce3,데이터 기반 의사결정 지원 서비스 개발자 모집,성남 판교역,"개발 경력 2년 이상 RDBMS 를 활용한 시스템 개발/운영 경험 RESTful 백엔드 API 개발 경험 python 으로 소규모 웹 서비스 구축 가능 [우대 사항] 웹 프레임워크를 활용한 개발 경험 k8s, Docker..."
5ab0b45dfa93411b,Data Engineer 신입사원,서울 강남구,"분류, 개인정보 비식별화, 불량 코퍼스 필터링 등 다양한 ML 프로젝트 (예정)[자격요건]- Julia / Python / R 중에서 자신 있는 프로그래밍 언어가 있는 분- 하나의 데이터도 놓치지 않고 꼼꼼하게 관리할 수..."
ba93c75654858cc9,ML Engineer (토스),서울 강남구,게임>빅데이터·AI(인공지능)>머신러닝|인터넷·IT·통신·모바일·게임>빅데이터·AI(인공지능)>빅데이터|인터넷·IT·통신·모바일·게임>응용프로그래머>머신러닝(ML)|인터넷·IT·통신·모바일·게임>응용프로그래머> Python
6d42c5e45b3339bd,"AI 솔루션, 백엔드 개발자 신입/경력 정규직",서울 서초구,"ㆍ학력사항 : 대학교(4년, 이공계 전공무관) 졸업 이상ㆍ직무기술 : Python 개발에 흥미가 있는 분[우대사항]ㆍSW 개발 실무 경험자ㆍ백엔드... 백엔드|인터넷·IT·통신·모바일·게임>빅데이터·AI(인공지능)> Python"
3f0f191d14a3e282,AI-DX/메타버스/차세대추진단 6월 정기 수시,서울 중구,이언스|인터넷·IT·통신·모바일·게임>데이터베이스·DBA>SQL|인터넷·IT·통신·모바일·게임>웹프로그래머> Python|인터넷·IT·통신·모바일·게임>응용프로그래머>C·C++|인터넷·IT·통신·모바일·게임>응용프로그래머>클라...
00827117dd36c116,Data Engineer (Elasticsearch),서울 강남구,터넷·IT·통신·모바일·게임>응용프로그래머>JAVA|인터넷·IT·통신·모바일·게임>빅데이터·AI(인공지능)> Python|인터넷·IT·통신·모바일·게임>빅데이터·AI(인공지능)>하둡(Hadoop)|인터넷·IT·통신·모바일·게임...
1e7271e69ef269da,"JAVA, Python, R, C, C++ 외 신입/경력 개발자 정규직",서울 강남구,"(주)이지서티 JAVA, Python, C, C++, C#임베디드... 게임>웹프로그래머>JAVA|인터넷·IT·통신·모바일·게임>웹프로그래머> Python|인터넷·IT·통신·모바일·게임>웹프로그래머>백엔드|인터넷·IT·통신..."
ec5c7ccd76639120,[외국계 스타트업 미소] Data Analyst,서울,통신·모바일·게임>빅데이터·AI(인공지능)>데이터분석|인터넷·IT·통신·모바일·게임>빅데이터·AI(인공지능)> Python|인터넷·IT·통신·모바일·게임>데이터베이스·DBA>MySQL|인터넷·IT·통신·모바일·게임>데이터베이스...
6141229c69b83068,Web Front-end 개발자,서울 서초구,"Java Script, MariaDB 개발 플랫폼 : Visual Studio Code 우대 사항 : Python, Golang, RESTful API, Node.js, CSS, Docker, AWS, Azure, GCP..."
7fe0c284fbf4045f,CRM 및 마케팅 데이터분석 담당자 - 국내 대기업 계열사,서울,"역량 (SQL 및 SAS, R, Python 등) - 통계 지식 보유 및... 경력자- 대용량 데이터 분석 툴 활용 역량 (SQL 및 SAS, R, Python 등)- 통계 지식 보유 및 데이터 모델링 가능자 우대- CRM 업무..."
8d82ffc3587320ea,ML/DL Data Scientist,서울 영등포구,"Kubernetes 기반 ML 파이프라인 개발/서비스 경험 - AWS, K8S 환경 내 모델링/개발 경험 - Python 프로그래밍 숙련자 (주요 ML/DL 라이브러리, 프레임워크 사용 능력 포함) - 딥러닝 기술 현업 적용..."
9b25b0bf4857f3fe,[11번가] 클라우드 엔지니어,서울 중구,"이런 일을 합니다.[AWS, Terraform, Kubernetes, Python]11번가 Infra 조직은 현재 On-Premise 데이터센터에서 대규모의 서버팜과 Infra 를 안정적으로 운영하고 있으며 매달 십일절의..."
3a78c0a469e6ad94,"고객 데이터 관리 컨설턴트, 설비 데이터 관리 컨설턴트(과장~이사급), S그룹 경영컨설팅회사",서울 송파구,"참여 가능자 (필수)- 문서 작성 및 PPT/Excel 역량 (필수)- 데이터 분석 가능자 (R, SAS, Python 등 사용자) (선호)* 채용회사 : 적격한 후보자에 한하여 공개 전문직·법률·인문사회·임원>임원·경영분..."
44f52ea73a6d25da,기술 문서 작성 전문가,성남 분당구,모바일·게임>빅데이터·AI(인공지능)>인공지능(AI)|인터넷·IT·통신·모바일·게임>빅데이터·AI(인공지능)> Python|인터넷·IT·통신·모바일·게임>빅데이터·AI(인공지능)>머신러닝|인터넷·IT·통신·모바일·게임>빅데이터...
a92b737cbbdf425f,[포티투마루] 인공지능(AI) 챗봇사업부 전 직군,서울 서초구,바일·게임>빅데이터·AI(인공지능)>인공지능(AI)|인터넷·IT·통신·모바일·게임>빅데이터·AI(인공지능)> Python|인터넷·IT·통신·모바일·게임>빅데이터·AI(인공지능)>자연어처리|인터넷·IT·통신·모바일·게임>빅데이터...
ad81dea73f1fb3d5,AI 딥러닝 및 데이터분석 개발자 (신입),서울 강남구,프로그래머> Python|인터넷·IT·통신·모바일·게임>웹프로그래머>JAVA|인터넷·IT·통신·모바일·게임>응용프로그래머> Python|인터넷·IT·통신... 인터넷·IT·통신·모바일·게임>빅데이터·AI(인공지능)> Python
e7e443b717af3b6c,데이터 사이언티스트,서울 강남구,분을 찾습니다. - SQL / Python / R 등 데이터 분석 업무를... 웹프로그래머> Python|인터넷·IT·통신·모바일·게임>응용프로그래머> Python|인터넷·IT·통신·모바일·게임>빅데이터·AI(인공지능)> Python
ea23fdac1fec9112,[PPM솔루션 클로바인] 연구소 IT 테크 직군 선행연구 개발자,서울 강남구,백엔드|인터넷·IT·통신·모바일·게임>웹프로그래머>프론트엔드|인터넷·IT·통신·모바일·게임>웹프로그래머> Python|인터넷·IT·통신·모바일·게임>응용프로그래머>클라우드|인터넷·IT·통신·모바일·게임>응용프로그래머>C·C++...
4d6fa0f1b9726d7c,디지털 미디어 매니저(퍼포먼스&브랜딩) 신입/경력,서울 서초구,[우대 요건] 1) 마케팅 전공자 2) 영어 커뮤니케이션 가능자 3) Python을 통한 프로그래밍 가능자 4) 구글 및 페이스북 셀프서브 가능자 5) GA 및 써드파티 트래커 활용 가능자 마케팅·광고·홍보·조사>마케팅>온라인마케팅
ff78609c3b02a9b6,"Solutions Architcet 전문가 (과장/이사급 10명 이상) , 아마존 AWS (강남 테헤란로",서울 강남구,"languages... Ruby, Python and Node... 현대 개발 언어에 대한 실무적 지식: 루비 (Ruby), 파이썬 ( Python), Node.js 등 · 개발자 및 IT 운영자 대상의 신기술 전파에..."
7854bb87f9a168fb,Cloud 부문,서울,"워크플로 활용 능력 - 데이터베이스 및 SQL에 대한 지식 - 프로그래밍 언어 에 대한 지식(Nodejs, Python 등) 우대사항 - 컴퓨터공학, 컴퓨터과학, 소프트웨어 공학 전공자 - 대규모 웹 서비스 환경 내 이슈..."
7e84d50ec4d60c1d,네트워크 엔지니어 모집,서울 구로구,"네트워크 설계, 구축, 운영 경험 - 오픈소스 기반의 네트워킹 솔루션 설치 및 운영 - 개발 언어 지식 ( Python, Ansible 등) - CCIE 자격증 소지자 * 국가보훈대상자 및 장애인은 관련법령에 의거하여 우대합..."
de6547a5f2894d76,리서치(사회조사/마케팅/시장조사) 연구원 신입/경력 정규직,서울 성동구,"PowerPoint 이용 문서작성 능숙자 SPSS, AMOS, R, Python 등 관련 툴 사용 가능자 주식회사 리서치앤유 리서치(사회조사/마케팅... 숙자SPSS, AMOS, R, Python 등 관련 툴 사용 가능자 1 명..."
0e27c7fc87609143,"Software Engineer, Robotics/SLAM",서울,"개발 및 타 엔지니어들과의 협업을 통한 알고리즘 실 로봇 적용 자격 요건 컴퓨터 공학 관련 전공인 분 Python 및 C++ 개발 경력 3년 이상 혹은 그에 준하는 실력을 갖추신 분 알고리즘, 자료구조, 운영체제에 대한..."
22b129d5a80b2fdc,Data Engineer (Analytics) (토스),서울 강남구,모바일·게임>빅데이터·AI(인공지능)>데이터분석|인터넷·IT·통신·모바일·게임>빅데이터·AI(인공지능)> Python|인터넷·IT·통신·모바일·게임>ERP·시스템분석·설계>데이터분석|인터넷·IT·통신·모바일·게임>데이터베이스...
3f6abbd4abcdb0cf,운용본부 인턴 (~7/1까지),대한민국,"학생 (졸업예정자 포함) 우대 사항: 재무/회계/투자론 관련 지식 Quant/Data Science, Python 관련 지식 근무 조건 고용형태: 인턴계약직 (4주) 근무처: 서울특별시 영등포구 여의도동 국제금융로 10..."
1b3ad64e7a39c01a,IoT 기기 및 네트워크 취약점 점검 개발자,서울 성동구,"우대사항 ㆍ제로데이 및 CVE등 취약점 분석 경험자 우대 ㆍ언어(C, Python등)에 대한 이해 및 활용 능력 ㆍ리버스엔지니어링(arm/mips... 분석 경험자 우대 ㆍ언어(C, Python등)에 대한 이해 및 활용 능력..."
343928cf14a59bf7,클라우드 (플랫폼 운영),서울 마포구,통신·모바일·게임>응용프로그래머>클라우드|인터넷·IT·통신·모바일·게임>응용프로그래머> Python|인터넷·IT·통신·모바일·게임>웹프로그래머> Python|인터넷·IT·통신·모바일·게임>빅데이터·AI(인공지능)> Python
b0002ec04b6e2347,[11번가] System Engineer 분야,서울 중구,"이런 일을 합니다.[Linux, IaC( python, java, bash 등), Private/public Cloud, Web/WAS/Cache/ELK ]시스템엔지니어링 조직은 대용량 DBMS, 대규모 가상화 클러스터 및..."
df89a191c84f2995,[NAVER Cloud] MLOps 서비스 개발,성남 분당구,요역량]- 관련 경력 3년이상- Python 또는 Spring 환경에 대한... 웹프로그래머> Python|인터넷·IT·통신·모바일·게임>응용프로그래머> Python|인터넷·IT·통신·모바일·게임>빅데이터·AI(인공지능)> Python
bc66b08b52a36821,Server Developer (Platform) (토스증권),서울 강남구,"시키는 작업을 해요.또한, 전체적인 관점에서 좋은 아키텍처에 대 인터넷·IT·통신·모바일·게임>응용프로그래머>JAVA|인터넷·IT·통신·모바일·게임>웹프로그래머>JAVA|인터넷·IT·통신·모바일·게임>웹프로그래머> Python"
2e037a19b58f65a5,[AI] NLP/ Chatbot Machine Learning Researcher (3년 이상),서울 강남구,통신·모바일·게임>빅데이터·AI(인공지능)>머신러닝|인터넷·IT·통신·모바일·게임>빅데이터·AI(인공지능)> Python|인터넷·IT·통신·모바일·게임>빅데이터·AI(인공지능)>딥러닝|인터넷·IT·통신·모바일·게임>응용프로그래...
fa085401d2bc7efc,AI / Big Data 전문가 - 글로벌 전자대기업,서울,통신·모바일·게임>빅데이터·AI(인공지능)>딥러닝|인터넷·IT·통신·모바일·게임>빅데이터·AI(인공지능)> Python|인터넷·IT·통신·모바일·게임>데이터베이스·DBA>데이터사이언스|인터넷·IT·통신·모바일·게임>데이터베이스...
d83fc0dd2641f483,전문연구요원 (병역특례) 수시 (AI / SW 분야),성남 분당구,요구 능력] - ASM/C/C++/ Python 언어 코딩 기술 - 운영체제... 경험 - Windows/Linux 상에서 C++/ Python 언어 사용 개발 경험 - C++ / Python 언어 사용 개발 경험 - 객체지향 설계에...
40de6a4b81f8724f,[전문연구요원 신규편입/전직] 의료영상/음성인식/생체신호 연구원,서울 서초구,인공지능)>텍스트마이닝|인터넷·IT·통신·모바일·게임>빅데이터·AI(인공지능)>인공지능(AI)|인터넷·IT·통신·모바일·게임>빅데이터·AI(인공지능)> Python|인터넷·IT·통신·모바일·게임>빅데이터·AI(인공지능)>딥러닝
f0c7c08485085240,[마비노기모바일] 연구 개발 프로그래머,서울 강남구,"험을 풍성하게 할 기술 개발 작업에 참여합니다.- 머신러닝, VR 등 신기술을 탐색, 실험합니다.- C#, Python, Javascript 등 다양한 언어와 환경을 사용합니다. 인터넷·IT·통신·모바일·게임>게임(Game..."
cf94cc2764e56155,S/W개발 신입/경력 정규직,서울 성동구,인터넷·IT·통신·모바일·게임>응용프로그래머>자바스크립트|인터넷·IT·통신·모바일·게임>응용프로그래머> Python|인터넷·IT·통신·모바일·게임>응용프로그래머>Linux|인터넷·IT·통신·모바일·게임>빅데이터·AI(인공지능...
fc037709d0770796,System SW 엔지니어,성남 분당구,사항: 대학교(4년)졸업 이상 [기본 요구능력] - ASM/C/C++/ Python 언어 코딩 기술 - 운영체제 SW 설계 및 구현 - 알고리즘/네트워... 게임>빅데이터·AI(인공지능)> Python|인터넷·IT·통신·모바일·게임...
bec33b19427238a4,(주)작당모의 앱 개발자,서울 서초구,"1. 백엔드 개발 1년이상, OOP/Function Language 개발 가능, AWS 개발 경험 등 2. Python Django 개발, Nodejs React 개발, MySQL 개발 경험 등 3. React Native..."
3423a48e17bafd9c,[진행중] 빅데이터사업부 전문직(데이터 사이언티스트) 채용공고,서울 회현동,"컴퓨터공학)/수학/통계 관련 전공자 - 은행, 카드, 보험 등 금융 데이터 활용 분석 경험 보유자 - Python/R/Java 등 분석 및 프로그래밍 언어 사용 경험자 - 상품 추천, 이탈 예측, VOC 분석(STT..."
a2cedc04f48a862d,[CJ Olivenetworks/경력] AI연구소 AI/ML 연구/개발(Data Scientist),서울 용산구,SQL|인터넷·IT·통신·모바일·게임>응용프로그래머>API|인터넷·IT·통신·모바일·게임>응용프로그래머> Python|인터넷·IT·통신·모바일·게임>빅데이터·AI(인공지능)>머신러닝|인터넷·IT·통신·모바일·게임>웹기획·웹마케...
3ceb2849ce07d290,데이터 엔지니어 신입/경력 정규직,서울,활용 능숙 [우대요건]- Python 을 활용한 데이터 처리 및 백앤드... 바일·게임>응용프로그래머> Python|인터넷·IT·통신·모바일·게임>데이터베이스·DBA>SQL|인터넷·IT·통신·모바일·게임>웹프로그래머> Python
8260c2c738c9c398,디지털미디어[Digital Media] Video 엔지니어 - 글로벌 OTT서비스 기업,서울 강남구,게임>멀티미디어(동영상·음향)>코덱·인코딩|인터넷·IT·통신·모바일·게임>멀티미디어(동영상·음향)>멀티미디어기획|인터넷·IT·통신·모바일·게임>응용프로그래머>클라우드|인터넷·IT·통신·모바일·게임>응용프로그래머> Python
3eb23bfb57005adf,Recruitment for RTL Verification Engineer,서울,"ACE) protocol 경험 Verilog HDL, SystemVerilog 사용 경험 Perl, Python 등의 script 사용 경험 UVM 검증 관련 경력자 우대 UVM 검증 경험이 없어도 하만 내부 교육..."
e5cdbf91629751cd,TDI 2022 각 부문 공개채용,서울 서초구,및 구축 2년 이상 [자격요건] ㆍPHP or JAVA or Python 개발 경력 2년이상 ㆍREST API 설계 개발 경험 ㆍ원활한... ㆍPHP or JAVA or Python 개발 경력 2년이상 ㆍREST...
0dfad1a4422d55e9,[전문연구요원] Software Engineer,서울,"데이터 처리하며 프로세스 자동화 환경을 구축합니다. 자격 요건 전문연구요원 편입/전직 자격을 갖고 계신분 Python 개발에 자신 있는 분 다음과 같은 분야에서 하나 이상의 전문성을 갖춘 분 : 프론트엔드 앱, 분산/병렬..."
4921c164c6b7d785,Deep Learning Researcher (Intern),서울,"experiences • Algorithm implementation experiences using Python with deep learning platforms, e.g., PyTorch, TensorFlow..."
abc149d5c510eac0,[Business Insights] Business Data Analyst (5년 이상),서울 강남구,"analytics... digital, consumer facing companyKnowledge of Python and SparkExperience with large individual customer..."
21a968652918907e,소프트웨어(SW) 개발,서울 영등포구,통신·모바일·게임>빅데이터·AI(인공지능)>비전인식|인터넷·IT·통신·모바일·게임>빅데이터·AI(인공지능)> Python|인터넷·IT·통신·모바일·게임>빅데이터·AI(인공지능)>딥러닝|인터넷·IT·통신·모바일·게임>빅데이터...
53e4209bf86aaf25,Data Scientist,서울 강남구,인터넷·IT·통신·모바일·게임>웹프로그래머> Python|인터넷·IT·통신·모바일·게임>응용프로그래머> Python|인터넷·IT·통신·모바일·게임>데이터베이스·DBA>SQL
e13c32ba4eff23da,패션고 추천모델링 연구 개발,성남 판교역,"튜닝, AB테스트, 결과 해석 등) - 리눅스 환경에서 머신 러닝 및 데이터 분석 관련 언어, 라이브러리( Python, R, SQL, tensorflow 등) 능숙한 활용 - 통계, 머신 러닝 등 관련 분야(통계학,산업..."
5758726ce4b7479b,네이버 파이낸셜 플랫폼 운영,성남 서현동,"Docker(kubernetes) 및 어플리케이션 배포 전략 지식 보유 - Shell script, python 및 web framework 등 기타 프로그래밍 언어 활용 가능 - 국가보훈대상자 및 장애인은 법령에 의거..."
6d86e9f32d31c84f,Data 분야 경력,서울,"해가 뛰어난 자 - R, Python, SAS, SQL 등 활용 역량 우대사항(해당 내용 중 1개 이상) - ML/DL 경험 인력 우대 - 관련 분야 석사 이상 학위 소지자 우대 - R, Python등 데이터분석 모델링 경험..."
5dd25746d945e947,빅데이터분석 담당자 in 자원순환 모바일 앱 스타트업,서울 성동구,AI(인공지능)>빅데이터|인터넷·IT·통신·모바일·게임>빅데이터·AI(인공지능)>데이터분석|인터넷·IT·통신·모바일·게임>빅데이터·AI(인공지능)> Python|인터넷·IT·통신·모바일·게임>빅데이터·AI(인공지능)>자연어처리
7d02cc2c10a4ef52,부문별 직원,경기도 포천,게임>웹프로그래머>백엔드|인터넷·IT·통신·모바일·게임>웹프로그래머> Python|인터넷·IT·통신·모바일·게임>컨텐츠·사이트운영>웹사이트운영·테스터... 게임>빅데이터·AI(인공지능)> Python|인터넷·IT·통신·모바일·게임...
71c47ac87bb4087e,기술 인턴 인공지능 응용 연구/개발 인턴,서울 관악구,"6개월) (협의) *모집 절차: 서류 à인터뷰(오프라인) *지원 자격: 프로그래밍 언어 활용 능력: Python, C, C++ 중 1가지 이상 데이터구조, 알고리즘 과목 이수 머신러닝과 딥러닝의 기본 개념 이해 머신러닝..."
4d581909a8a1b251,Systems Administrator,서울,"Active Directory, DNS & DHCP Intermediate to Advanced Python 2 & 3 skills required. JavaScript/PHP/Bash skills are beneficial..."
941687b6bbb14d81,웹 개발자 경력 Java/Php/Javascript/Python/Html/CSS 등 프로젝트 경력자,대전 서구,"(주)바이오브레인 웹 개발자 경력 채용 모집부문 및 자격요건 담당업무 자격요건 인원 [담당업무] ㆍ웹 기반 프로젝트 개발 및 운영 [근무부서 및 직급/직책] 직급/직책: 대리 [자격요건] ㆍJava, Php..."
27efbf31dc7befc6,[3년 이상] Analytics/Data Angineer,서울 중구,"RDB/No-SQL(Mongo, Redis)에 대한 이해 및 경험 Python... React 개발 경험 Hadoop, Spark 등 분산... 인터넷·IT·통신·모바일·게임>빅데이터·AI(인공지능)> Python"
2198a9cae4794677,"[(주)샌즈랩] 플랫폼개발팀, 웹개발 신입/경력 정규직",서울 강남구,"이상(4년) 대리급 Python, C/C++ 중 가능한 언어 1개 이상 의사소통이 원활하고 대인관계가 원만하며 책임감이 있는자 경력 3년 이상 대리급 학력 : 대졸 이상(4년) [우대요건] 과장급 Python, C/C++ 중..."
96ac9cf46a0e5c09,플랫폼사업팀 로봇 응용 S/W 개발자(경력),성남 분당구,"C++, Python, ROS[주요업무] 인터넷·IT·통신·모바일·게임>응용프로그래머>로봇소프트웨어개발자|인터넷·IT·통신·모바일·게임>응용프로그래머>C·C++|인터넷·IT·통신·모바일·게임>응용프로그래머> Python"
bcba0b2f668368ab,[아이티노매즈] S/W 개발자 등 각 부문,서울 구로구,25px 인터넷·IT·통신·모바일·게임>응용프로그래머>JAVA|인터넷·IT·통신·모바일·게임>응용프로그래머> Python|인터넷·IT·통신·모바일·게임>응용프로그래머>머신러닝(ML)|인터넷·IT·통신·모바일·게임>데이터베이스...
a5314104cb10c9a6,Web RTC UC & Collaboration Frontend & Backend Developer,서울 금천구,JAVA|인터넷·IT·통신·모바일·게임>웹프로그래머>프론트엔드|인터넷·IT·통신·모바일·게임>웹프로그래머> Python|인터넷·IT·통신·모바일·게임>웹프로그래머>웹개발|인터넷·IT·통신·모바일·게임>데이터베이스·DBA>SQL...
8c8c96a3ffac77f8,데이터 엔지니어 경력 정규직,서울 중구,"Redshift, Snowflake 등) 설계, 개발, 운영 경험• Python/R/dbt, Kafka/Airflow 등을 사용하여 데이터 전처리를... 게임>빅데이터·AI(인공지능)> Python|인터넷·IT·통신·모바일·게임..."
7737347fd9e94c01,웹 크롤러 전문가,서울 중구,"Kubernetes 등 데이터 처리 경험- Elasticsearch, RDBMS(MySQL) 운영 경험- Python, Java, Scala 등 개발 숙련자- Linux 시스템 개발 및 운영 경험- OS/네트워크/자료구조 등..."
b662586152bc541f,지능형 선별관제 시스템 Dev-Ops 개발자,서울 중구,작성[사용 기술] python docker windows linux kubernetes 인터넷·IT·통신·모바일·게임>응용프로그래머>Linux|인터넷·IT·통신·모바일·게임>웹프로그래머> Python|인터넷·IT·통신·모바일...
c7f844f9e68deab7,[NAVER Cloud] Media 서비스 개발,성남 분당구,"DASH, DRM, WebRTC, etc)- Spring 환경에 대한 이해 및 다양한 개발 경험 또는 Go, Python, C/C++등을 이용한 플랫폼 개발 경험- 비동기 프로그래밍 등 고성능 어플리케이션 개발 경험- 클라이..."
f8bfec7bfbdffd0a,애플리케이션 개발자&컨설턴트 정규직,서울 강남구,"Platform 컨설팅> JAVA/ Python/JScript 등의 개발... 경력(연차무관)학력사항: 대학(2,3년)졸업 이상직무기술: java, Python, javascript기타: > Basic SQL, HTML, CSS..."
599dd49e865c75f8,통합 log관리 시스템 개발 위한 전문가,서울 종로구,"수 있는 toolchain 구성을 준비하고 있습니다.이런 분을 찾습니다.필요 역량 및 경험- Java, Python, C++ 등 1개 이상 개발 언어 숙지- MySQL 또는 유사한 RDBMS을 활용한 서비스 개발 경험- OS..."
2f56d4b70c1df086,하반기 인턴직 모집,서울 을지로2가,"지니어 (IT 인프라 관리/운영) 서버, 네트워크 Bash, Java, Python ① 학력 : 초대졸 이상 (2020년 2월 이후 졸업/졸업예정... JavaScript, VC++, Python) 한솔 PNS IT 부문..."
118b90820b1c0457,[대형증권사] 플랫폼/Back-end 엔지니어,서울 강남구,그래머>웹개발|인터넷·IT·통신·모바일·게임>웹프로그래머>JAVA|인터넷·IT·통신·모바일·게임>웹프로그래머> Python|인터넷·IT·통신·모바일·게임>웹프로그래머>HTML·DHTML·mHTML|인터넷·IT·통신·모바일·게임...
21c194fa8f26dacb,Data Engineer (토스뱅크),서울 강남구,"환경에서 대용량의 데이터를 실시간으로 분산처리하여 데이터 기반 토스뱅크 서비스에 기여해요.동료들의 분석환경( Python, SAS, ML 등)을 모두 지원가능한, 쉽게 조회가 가능한 데이터 플랫폼을 구축해요. 인터넷·IT·통신..."
9f7ad2b23171f074,Enterprise Technical Support,서울,"scripts using one or more... following languages - Python, Java, Javascript, or Typescript Our customers come from all..."
781ff208e96d815c,(주)케이엠티엘 건설분야 R&D 병역특례(전문연구요원(영상관련 S/W 개발)),서울 구로구,"우대사항]컴퓨터비전, 인공지능 분야 전공자 소프트웨어 개발자(C#, Python 등) 영상처리 기술 (OpenCV 활용기술 및 상용 Library... 통신·모바일·게임>응용프로그래머> Python|인터넷·IT·통신·모바일·게임..."
ac64fda2e281b835,"Software Engineer, People with Disabilities (장애인 채용)",서울,"languages, including... limited to: C++, Java, C and Python. Experience in a variety of projects utilizing natural..."
1399ee2f387a27dd,카카오 전체의 계정 플랫폼을 만들 서버개발자 모집,성남 판교역,"를 사용한 웹어플리케이션 개발 하둡 에코시스템을 활용한 대용량 데이터 처리 Ruby on Rails, Python 을 사용한 개발 Kafka, Redis, Elastic Search 등을 활용한 개발 함께 성장하고 싶다면..."
8dc9b881b447c3be,"추천 시스템 백엔드 개발자 경력직, 정규직",서울 중구,"있으신 분• Kurbernetes, Docker와 같은 컨테이너 환경에 익숙하거나 개발 경험이 있으신 분• Python, Javascript 등의 스크립트 언어 사용 경험이 있으신 분 1 명 근무조건 고용형태: 정규직(수습기..."
89b2f784c88c8a1b,[신입/경력] SW Engineer/Backend/Frontend 개발자,서울 서초구,인터넷·IT·통신·모바일·게임>웹프로그래머>백엔드|인터넷·IT·통신·모바일·게임>웹프로그래머>프론트엔드|인터넷·IT·통신·모바일·게임>응용프로그래머>인공지능(AI)|인터넷·IT·통신·모바일·게임>응용프로그래머> Python
e91b5984e7f5d3fd,"데이터베이스개발자, 웹개발 신입/경력 정규직",서울 영등포구,"개발자 ㆍCss/html 등 웹디자인 관련 유경험자 ㆍ자바스크립트, Python, C++, 닷넷 등 ㆍNode, Selenium, electron... 관련 유경험자ㆍ자바스크립트, Python, C++, 닷넷 등 ㆍNode..."
